[{"_owner": "nobody", "alert_lag": "30", "alert_period": "5", "base_search": "(tag=appserver tag=performance tag=transactions) | eval 4xx_error=if(status>=400 AND status<500, status, null()), 5xx_error=if(status>=500 AND status<600, status, null())", "description": "KPI base search used by KPIs that track web transaction performance", "entity_alias_filtering_fields": "application_server", "entity_id_fields": "application_server", "is_entity_breakdown": true, "is_service_entity_filter": true, "metric_qualifier": "", "metrics": [{"_key": "4xx_error", "aggregate_statop": "avg", "entity_statop": "count", "threshold_field": "4xx_error", "title": "4xx_error", "unit": "", "fill_gaps": "null_value", "gap_severity": "unknown", "gap_severity_color": "#CCCCCC", "gap_severity_value": "-1", "gap_severity_color_light": "#EEEEEE", "gap_custom_alert_value": "0"}, {"_key": "5xx_error", "aggregate_statop": "avg", "entity_statop": "count", "threshold_field": "5xx_error", "title": "5xx_error", "unit": "", "fill_gaps": "null_value", "gap_severity": "unknown", "gap_severity_color": "#CCCCCC", "gap_severity_value": "-1", "gap_severity_color_light": "#EEEEEE", "gap_custom_alert_value": "0"}, {"_key": "response_time", "aggregate_statop": "avg", "entity_statop": "avg", "threshold_field": "response_time", "title": "response_time", "unit": "msec", "fill_gaps": "null_value", "gap_severity": "unknown", "gap_severity_color": "#CCCCCC", "gap_severity_value": "-1", "gap_severity_color_light": "#EEEEEE", "gap_custom_alert_value": "0"}], "search_alert_earliest": "5", "source_itsi_da": "DA-ITSI-APPSERVER", "title": "DA-ITSI-APPSERVER:Performance.Web_Transaction", "mod_source": "ITSI default import", "_immutable": 1, "_is_from_conf": 1, "object_type": "kpi_base_search", "mod_timestamp": "2022-06-29T19:38:01.306147+00:00", "_version": "4.9.6", "identifying_name": "da-itsi-appserver:performance.web_transaction", "sec_grp": "default_itsi_security_group", "entity_breakdown_id_fields": "application_server", "_user": "nobody", "_key": "DA-ITSI-APPSERVER_Performance_Web_Transaction", "permissions": {"user": "nobody", "group": {"read": true, "write": true, "delete": true}, "read": true, "write": true, "delete": true}}, {"_owner": "nobody", "alert_lag": "30", "alert_period": "5", "base_search": "tag=web tag=activity | eval 4xx_status=if(status>=400 AND status<500, status, null()), 5xx_status=if(status >= 500 AND status<600, status, null())", "description": "The base search for computing various Web Server KPIs", "entity_alias_filtering_fields": "web_server", "entity_id_fields": "web_server", "is_entity_breakdown": true, "is_service_entity_filter": true, "metric_qualifier": "", "metrics": [{"_key": "4xx_status", "aggregate_statop": "avg", "entity_statop": "count", "threshold_field": "4xx_status", "title": "4xx Errors", "unit": "", "fill_gaps": "null_value", "gap_severity": "unknown", "gap_severity_color": "#CCCCCC", "gap_severity_value": "-1", "gap_severity_color_light": "#EEEEEE", "gap_custom_alert_value": "0"}, {"_key": "5xx_status", "aggregate_statop": "avg", "entity_statop": "count", "threshold_field": "5xx_status", "title": "5xx Errors", "unit": "", "fill_gaps": "null_value", "gap_severity": "unknown", "gap_severity_color": "#CCCCCC", "gap_severity_value": "-1", "gap_severity_color_light": "#EEEEEE", "gap_custom_alert_value": "0"}, {"_key": "bytes_in", "aggregate_statop": "avg", "entity_statop": "sum", "threshold_field": "bytes_in", "title": "Bytes In", "unit": "b", "fill_gaps": "null_value", "gap_severity": "unknown", "gap_severity_color": "#CCCCCC", "gap_severity_value": "-1", "gap_severity_color_light": "#EEEEEE", "gap_custom_alert_value": "0"}, {"_key": "bytes_out", "aggregate_statop": "avg", "entity_statop": "sum", "threshold_field": "bytes_out", "title": "Bytes Out", "unit": "b", "fill_gaps": "null_value", "gap_severity": "unknown", "gap_severity_color": "#CCCCCC", "gap_severity_value": "-1", "gap_severity_color_light": "#EEEEEE", "gap_custom_alert_value": "0"}, {"_key": "response_time", "aggregate_statop": "avg", "entity_statop": "avg", "threshold_field": "response_time", "title": "Response Time", "unit": "ms", "fill_gaps": "null_value", "gap_severity": "unknown", "gap_severity_color": "#CCCCCC", "gap_severity_value": "-1", "gap_severity_color_light": "#EEEEEE", "gap_custom_alert_value": "0"}], "search_alert_earliest": "5", "source_itsi_da": "DA-ITSI-WEBSERVER", "title": "DA-ITSI-WEBSERVER:Activity", "mod_source": "ITSI default import", "_immutable": 1, "_is_from_conf": 1, "object_type": "kpi_base_search", "mod_timestamp": "2022-06-29T19:38:15.578617+00:00", "_version": "4.9.6", "identifying_name": "da-itsi-webserver:activity", "sec_grp": "default_itsi_security_group", "entity_breakdown_id_fields": "web_server", "_user": "nobody", "_key": "DA-ITSI-WEBSERVER_Activity", "permissions": {"user": "nobody", "group": {"read": true, "write": true, "delete": true}, "read": true, "write": true, "delete": true}}, {"description": "", "isFirstTimeSaveDone": true, "title": "Mobile App using MINT", "_version": "4.9.6", "entity_id_fields": "host", "_owner": "nobody", "base_search": "sourcetype=mint:network | eval 4xx_error=if(status>=400 AND status<500, status, null()), 5xx_error=if(status>=500 AND status<600, status, null()) | eval response_time = latency / 1000", "mod_timestamp": "2022-03-15T16:08:27.066664+00:00", "metric_qualifier": "", "alert_lag": "30", "search_alert_earliest": "5", "acl": {"owner": "admin", "can_write": true, "sharing": "app", "can_change_perms": true, "can_share_user": true, "modifiable": true, "can_share_global": true, "can_share_app": true, "perms": {"write": ["*"], "read": ["*"]}}, "actions": "", "is_metric": false, "entity_breakdown_id_fields": "host", "mod_time": "", "is_entity_breakdown": false, "object_type": "kpi_base_search", "alert_period": "5", "is_service_entity_filter": false, "sec_grp": "default_itsi_security_group", "source_itsi_da": "itsi", "identifying_name": "mobile app using mint", "metrics": [{"unit": "", "_key": "4cd7d2137a65fcea5761db4d", "gap_severity_color": "#CCCCCC", "threshold_field": "4xx_error", "aggregate_statop": "count", "gap_severity": "unknown", "gap_custom_alert_value": 0, "gap_severity_color_light": "#EEEEEE", "fill_gaps": "custom_value", "title": "4xx Error Count", "gap_severity_value": "-1", "entity_statop": "avg"}, {"unit": "", "_key": "dc1d4449772ba9d11f17df23", "gap_severity_color": "#CCCCCC", "threshold_field": "5xx_error", "aggregate_statop": "count", "gap_severity": "unknown", "gap_custom_alert_value": 0, "gap_severity_color_light": "#EEEEEE", "fill_gaps": "custom_value", "title": "5xx Error Count", "gap_severity_value": "-1", "entity_statop": "avg"}, {"unit": "msec", "_key": "f2f17ec89a67e97832b28ef4", "gap_severity_color": "#AED3E5", "threshold_field": "response_time", "aggregate_statop": "avg", "gap_severity": "info", "gap_custom_alert_value": 0, "gap_severity_color_light": "#E3F0F6", "fill_gaps": "null_value", "title": "Response Time", "gap_severity_value": 1, "entity_statop": "avg"}], "metric": {"metric_name": "", "metric_index": ""}, "mod_source": "REST", "_user": "nobody", "_key": "5e8e4ac9146307103c2ff7a0", "permissions": {"user": "nobody", "group": {"read": true, "write": true, "delete": true}, "read": true, "write": true, "delete": true}}, {"title": "SC4SNMP_Cloud_Database", "description": "", "mod_time": "", "acl": {"can_change_perms": true, "can_share_app": true, "can_share_global": true, "can_share_user": true, "can_write": true, "modifiable": true, "owner": "admin", "perms": {"read": ["*"], "write": ["*"]}, "sharing": "app"}, "_owner": "nobody", "source_itsi_da": "itsi", "base_search": "| makeresults count=20\n| eval machine_type=\"cloud_db\", machine_name=\"dbinstance\".random()%4, cpu=if(machine_name=\"dbinstance3\",65 + random()%20,35 + random()%15), response_time=if(machine_name=\"dbinstance3\",300 + random()%90,35 + random()%15),memory=if(machine_name=\"dbinstance3\",65 + random()%20,35 + random()%15),db_queries=if(machine_name=\"dbinstance3\",80 + random()%500,2000 + random()%500)\n|table  _time machine_name machine_type cpu response_time memory db_queries \n|collect index=sc4snmp_entities source=\"data_Cloud_Database_service\" sourcetype=\"autogenerated\"", "search_alert_earliest": "5", "alert_period": "1", "is_entity_breakdown": true, "entity_id_fields": "host", "entity_breakdown_id_fields": "machine_name", "is_service_entity_filter": false, "is_metric": false, "metric": {"metric_index": "", "metric_name": ""}, "metrics": [{"_key": "f6e5c941de639bc1efb52df6", "title": "cpu %", "threshold_field": "cpu", "gap_severity": "unknown", "gap_severity_color": "#CCCCCC", "gap_severity_color_light": "#EEEEEE", "gap_severity_value": "-1", "fill_gaps": "last_available_value", "gap_custom_alert_value": 0, "entity_statop": "avg", "aggregate_statop": "avg", "unit": "%"}, {"_key": "1f64161c3e98792ba4e97e3a", "title": "Database Queries", "threshold_field": "db_queries", "gap_severity": "unknown", "gap_severity_color": "#CCCCCC", "gap_severity_color_light": "#EEEEEE", "gap_severity_value": "-1", "fill_gaps": "last_available_value", "gap_custom_alert_value": 0, "entity_statop": "avg", "aggregate_statop": "max", "unit": ""}, {"_key": "3561dca3dc8a758e1e3c74ec", "title": "Database Response Time", "threshold_field": "response_time", "gap_severity": "unknown", "gap_severity_color": "#CCCCCC", "gap_severity_color_light": "#EEEEEE", "gap_severity_value": "-1", "fill_gaps": "last_available_value", "gap_custom_alert_value": 0, "entity_statop": "avg", "aggregate_statop": "max", "unit": "ms"}, {"_key": "40005d29dfd0095cd465b8ca", "title": "memory", "threshold_field": "memory", "gap_severity": "unknown", "gap_severity_color": "#CCCCCC", "gap_severity_color_light": "#EEEEEE", "gap_severity_value": "-1", "fill_gaps": "last_available_value", "gap_custom_alert_value": 0, "entity_statop": "avg", "aggregate_statop": "max", "unit": "%"}], "metric_qualifier": "", "alert_lag": "30", "sec_grp": "default_itsi_security_group", "mod_source": "unknown", "object_type": "kpi_base_search", "mod_timestamp": "2022-03-15T16:08:27.066668+00:00", "_version": "4.9.6", "identifying_name": "sc4snmp_cloud_database", "actions": "", "isFirstTimeSaveDone": true, "_user": "nobody", "_key": "6217a009611d2d3e940ead74", "permissions": {"user": "nobody", "group": {"read": true, "write": true, "delete": true}, "read": true, "write": true, "delete": true}}, {"title": "SC4SNMP_On_prem_Authorization", "description": "| makeresults count=20\n| eval machine_name=\"mssqlsrv\".random()%4, cpu=35 + random()%15 , response_time=10+random()%15 , memory=35 + random()%15 , db_queries=2000 + random()%500 , db_error=if(machine_name=\"mssqlsrv1\",1 + random()%5 ,0) , disk_io_read=156430 + random()%54332 ,disk_io_read=15643 + random()%5432 ,  disk_space_used=24 + random()%10, network_in=95630 + random()%54612, network_out= 95630 + random()%70412\n|table  _time machine_name cpu response_time memory db_queries db_error disk_io_read disk_io_read  disk_space_used network_in network_out", "mod_time": "2022-02-25 11:36:36", "acl": {"can_change_perms": true, "can_share_app": true, "can_share_global": true, "can_share_user": true, "can_write": true, "modifiable": true, "owner": "admin", "perms": {"read": ["*"], "write": ["*"]}, "sharing": "app"}, "_owner": "nobody", "source_itsi_da": "itsi", "base_search": "| makeresults count=20\n| eval machine_type=\"directory_service\", machine_name=\"ldap\".random()%2, cpu=35 + random()%15 , response_time=10+random()%15 , memory=35 + random()%15 , db_queries=2000 + random()%500 , db_error=if(machine_name=\"mssqlsrv1\",1 + random()%5 ,0) , disk_io_read=156430 + random()%54332 ,disk_io_write=15643 + random()%5432 ,  disk_space_used=24 + random()%10, network_in=95630 + random()%54612, network_out= 95630 + random()%70412\n|table  _time machine_name machine_type cpu response_time memory db_queries db_error disk_io_read disk_io_read  disk_space_used network_in network_out\n|collect index=sc4snmp_entities source=\"data_On_prem_authorizationn_service\" sourcetype=\"autogenerated\"", "search_alert_earliest": "1", "alert_period": "1", "is_entity_breakdown": true, "entity_id_fields": "host", "entity_breakdown_id_fields": "machine_name", "is_service_entity_filter": false, "is_metric": false, "metric": {"metric_index": "", "metric_name": ""}, "metrics": [{"_key": "d6086370c62a8816d3eba02b", "title": "cpu", "threshold_field": "cpu", "gap_severity": "unknown", "gap_severity_color": "#CCCCCC", "gap_severity_color_light": "#EEEEEE", "gap_severity_value": "-1", "fill_gaps": "last_available_value", "gap_custom_alert_value": 0, "entity_statop": "avg", "aggregate_statop": "avg", "unit": "%"}, {"_key": "c23cf125d63f545d78e3dfd4", "title": "Database Errors", "threshold_field": "db_error", "gap_severity": "unknown", "gap_severity_color": "#CCCCCC", "gap_severity_color_light": "#EEEEEE", "gap_severity_value": "-1", "fill_gaps": "custom_value", "gap_custom_alert_value": 0, "entity_statop": "avg", "aggregate_statop": "avg", "unit": ""}, {"_key": "cde8c71e09f23e94416c0225", "title": "database_response_time", "threshold_field": "response_time", "gap_severity": "unknown", "gap_severity_color": "#CCCCCC", "gap_severity_color_light": "#EEEEEE", "gap_severity_value": "-1", "fill_gaps": "last_available_value", "gap_custom_alert_value": 0, "entity_statop": "avg", "aggregate_statop": "avg", "unit": "ms"}, {"_key": "b140b776cc580300403d1687", "title": "db_queries", "threshold_field": "db_queries", "gap_severity": "unknown", "gap_severity_color": "#CCCCCC", "gap_severity_color_light": "#EEEEEE", "gap_severity_value": "-1", "fill_gaps": "last_available_value", "gap_custom_alert_value": 0, "entity_statop": "avg", "aggregate_statop": "avg", "unit": ""}, {"_key": "62898d6c511849d98275ac76", "title": "disk_io_read", "threshold_field": "disk_io_read", "gap_severity": "unknown", "gap_severity_color": "#CCCCCC", "gap_severity_color_light": "#EEEEEE", "gap_severity_value": "-1", "fill_gaps": "last_available_value", "gap_custom_alert_value": 0, "entity_statop": "avg", "aggregate_statop": "avg", "unit": ""}, {"_key": "fa63699ff94dd9de40c32e7b", "title": "disk_io_write", "threshold_field": "disk_io_write", "gap_severity": "unknown", "gap_severity_color": "#CCCCCC", "gap_severity_color_light": "#EEEEEE", "gap_severity_value": "-1", "fill_gaps": "last_available_value", "gap_custom_alert_value": 0, "entity_statop": "avg", "aggregate_statop": "avg", "unit": ""}, {"_key": "3c83ee2a4e5dd418a592f797", "title": "disk_space_used", "threshold_field": "disk_space_used", "gap_severity": "unknown", "gap_severity_color": "#CCCCCC", "gap_severity_color_light": "#EEEEEE", "gap_severity_value": "-1", "fill_gaps": "last_available_value", "gap_custom_alert_value": 0, "entity_statop": "avg", "aggregate_statop": "avg", "unit": "%"}, {"_key": "e4003c1b3b66c9828ee135e9", "title": "memory", "threshold_field": "memory", "gap_severity": "unknown", "gap_severity_color": "#CCCCCC", "gap_severity_color_light": "#EEEEEE", "gap_severity_value": "-1", "fill_gaps": "last_available_value", "gap_custom_alert_value": 0, "entity_statop": "avg", "aggregate_statop": "avg", "unit": "%"}, {"_key": "887e5d657fdb07e680f4cfdd", "title": "network_in", "threshold_field": "network_in", "gap_severity": "unknown", "gap_severity_color": "#CCCCCC", "gap_severity_color_light": "#EEEEEE", "gap_severity_value": "-1", "fill_gaps": "last_available_value", "gap_custom_alert_value": 0, "entity_statop": "avg", "aggregate_statop": "avg", "unit": ""}, {"_key": "b97dd89f0fa990c9e1c42637", "title": "network_out", "threshold_field": "network_out", "gap_severity": "unknown", "gap_severity_color": "#CCCCCC", "gap_severity_color_light": "#EEEEEE", "gap_severity_value": "-1", "fill_gaps": "last_available_value", "gap_custom_alert_value": 0, "entity_statop": "avg", "aggregate_statop": "avg", "unit": ""}], "metric_qualifier": "", "alert_lag": "30", "sec_grp": "default_itsi_security_group", "mod_source": "unknown", "object_type": "kpi_base_search", "mod_timestamp": "2022-03-15T16:08:27.066672+00:00", "_version": "4.9.6", "identifying_name": "sc4snmp_on_prem_authorization", "actions": "", "isFirstTimeSaveDone": true, "_user": "nobody", "_key": "6218b134611d2d3e940ead89", "permissions": {"user": "nobody", "group": {"read": true, "write": true, "delete": true}, "read": true, "write": true, "delete": true}}, {"title": "SC4SNMP_On_prem_DB", "description": "| makeresults count=20\n| eval machine_name=\"mssqlsrv\".random()%4, cpu=35 + random()%15 , response_time=10+random()%15 , memory=35 + random()%15 , db_queries=2000 + random()%500 , db_error=if(machine_name=\"mssqlsrv1\",1 + random()%5 ,0) , disk_io_read=156430 + random()%54332 ,disk_io_read=15643 + random()%5432 ,  disk_space_used=24 + random()%10, network_in=95630 + random()%54612, network_out= 95630 + random()%70412\n|table  _time machine_name cpu response_time memory db_queries db_error disk_io_read disk_io_read  disk_space_used network_in network_out", "mod_time": "", "acl": {"can_change_perms": true, "can_share_app": true, "can_share_global": true, "can_share_user": true, "can_write": true, "modifiable": true, "owner": "admin", "perms": {"read": ["*"], "write": ["*"]}, "sharing": "app"}, "_owner": "nobody", "source_itsi_da": "itsi", "base_search": "| makeresults count=20\n| eval machine_type=\"On_prem_db\", machine_name=\"mssqlsrv\".random()%4, cpu=35 + random()%15 , response_time=10+random()%15 , memory=35 + random()%15 , db_queries=2000 + random()%500 , db_error=if(machine_name=\"mssqlsrv1\",1 + random()%5 ,0) , disk_io_read=156430 + random()%54332 ,disk_io_write=15643 + random()%5432 ,  disk_space_used=24 + random()%10, network_in=95630 + random()%54612, network_out= 95630 + random()%70412\n|table  _time machine_name machine_type cpu response_time memory db_queries db_error disk_io_read disk_io_read  disk_space_used network_in network_out\n|collect index=sc4snmp_entities source=\"data_On_prem_DB_service\" sourcetype=\"autogenerated\"", "search_alert_earliest": "1", "alert_period": "1", "is_entity_breakdown": true, "entity_id_fields": "host", "entity_breakdown_id_fields": "machine_name", "is_service_entity_filter": false, "is_metric": false, "metric": {"metric_index": "", "metric_name": ""}, "metrics": [{"_key": "d6086370c62a8816d3eba02b", "title": "cpu", "threshold_field": "cpu", "gap_severity": "unknown", "gap_severity_color": "#CCCCCC", "gap_severity_color_light": "#EEEEEE", "gap_severity_value": "-1", "fill_gaps": "last_available_value", "gap_custom_alert_value": 0, "entity_statop": "avg", "aggregate_statop": "avg", "unit": "%"}, {"_key": "c23cf125d63f545d78e3dfd4", "title": "Database Errors", "threshold_field": "db_error", "gap_severity": "unknown", "gap_severity_color": "#CCCCCC", "gap_severity_color_light": "#EEEEEE", "gap_severity_value": "-1", "fill_gaps": "custom_value", "gap_custom_alert_value": 0, "entity_statop": "avg", "aggregate_statop": "avg", "unit": ""}, {"_key": "cde8c71e09f23e94416c0225", "title": "database_response_time", "threshold_field": "response_time", "gap_severity": "unknown", "gap_severity_color": "#CCCCCC", "gap_severity_color_light": "#EEEEEE", "gap_severity_value": "-1", "fill_gaps": "last_available_value", "gap_custom_alert_value": 0, "entity_statop": "avg", "aggregate_statop": "avg", "unit": "ms"}, {"_key": "b140b776cc580300403d1687", "title": "db_queries", "threshold_field": "db_queries", "gap_severity": "unknown", "gap_severity_color": "#CCCCCC", "gap_severity_color_light": "#EEEEEE", "gap_severity_value": "-1", "fill_gaps": "last_available_value", "gap_custom_alert_value": 0, "entity_statop": "avg", "aggregate_statop": "avg", "unit": ""}, {"_key": "62898d6c511849d98275ac76", "title": "disk_io_read", "threshold_field": "disk_io_read", "gap_severity": "unknown", "gap_severity_color": "#CCCCCC", "gap_severity_color_light": "#EEEEEE", "gap_severity_value": "-1", "fill_gaps": "last_available_value", "gap_custom_alert_value": 0, "entity_statop": "avg", "aggregate_statop": "avg", "unit": ""}, {"_key": "fa63699ff94dd9de40c32e7b", "title": "disk_io_write", "threshold_field": "disk_io_write", "gap_severity": "unknown", "gap_severity_color": "#CCCCCC", "gap_severity_color_light": "#EEEEEE", "gap_severity_value": "-1", "fill_gaps": "last_available_value", "gap_custom_alert_value": 0, "entity_statop": "avg", "aggregate_statop": "avg", "unit": ""}, {"_key": "3c83ee2a4e5dd418a592f797", "title": "disk_space_used", "threshold_field": "disk_space_used", "gap_severity": "unknown", "gap_severity_color": "#CCCCCC", "gap_severity_color_light": "#EEEEEE", "gap_severity_value": "-1", "fill_gaps": "last_available_value", "gap_custom_alert_value": 0, "entity_statop": "avg", "aggregate_statop": "avg", "unit": "%"}, {"_key": "e4003c1b3b66c9828ee135e9", "title": "memory", "threshold_field": "memory", "gap_severity": "unknown", "gap_severity_color": "#CCCCCC", "gap_severity_color_light": "#EEEEEE", "gap_severity_value": "-1", "fill_gaps": "last_available_value", "gap_custom_alert_value": 0, "entity_statop": "avg", "aggregate_statop": "avg", "unit": "%"}, {"_key": "887e5d657fdb07e680f4cfdd", "title": "network_in", "threshold_field": "network_in", "gap_severity": "unknown", "gap_severity_color": "#CCCCCC", "gap_severity_color_light": "#EEEEEE", "gap_severity_value": "-1", "fill_gaps": "last_available_value", "gap_custom_alert_value": 0, "entity_statop": "avg", "aggregate_statop": "avg", "unit": ""}, {"_key": "b97dd89f0fa990c9e1c42637", "title": "network_out", "threshold_field": "network_out", "gap_severity": "unknown", "gap_severity_color": "#CCCCCC", "gap_severity_color_light": "#EEEEEE", "gap_severity_value": "-1", "fill_gaps": "last_available_value", "gap_custom_alert_value": 0, "entity_statop": "avg", "aggregate_statop": "avg", "unit": ""}], "metric_qualifier": "", "alert_lag": "30", "sec_grp": "default_itsi_security_group", "mod_source": "unknown", "object_type": "kpi_base_search", "mod_timestamp": "2022-03-15T16:08:27.066676+00:00", "_version": "4.9.6", "identifying_name": "sc4snmp_on_prem_db", "actions": "", "isFirstTimeSaveDone": true, "_user": "nobody", "_key": "6218ab43611d2d3e940ead7f", "permissions": {"user": "nobody", "group": {"read": true, "write": true, "delete": true}, "read": true, "write": true, "delete": true}}, {"is_service_entity_filter": true, "acl": {"sharing": "app", "modifiable": true, "can_share_user": true, "can_write": true, "perms": {"read": ["*"], "write": ["*"]}, "owner": "admin", "can_share_app": true, "can_change_perms": true, "can_share_global": true}, "alert_lag": "300", "isFirstTimeSaveDone": true, "metric": {"metric_index": "", "metric_name": ""}, "sec_grp": "default_itsi_security_group", "mod_time": "", "is_metric": false, "identifying_name": "sim:cloud.aws_ec2", "object_type": "kpi_base_search", "actions": "", "_version": "4.9.6", "source_itsi_da": "itsi", "mod_source": "REST", "base_search": "| mstats avg(\"CPUUtilization\") as aws_ec2_cpu_utilization,\nsum(\"NetworkIn\") as aws_ec2_network_in,\nsum(\"NetworkOut\") as aws_ec2_network_out,\nsum(\"NetworkPacketsIn\") as aws_ec2_network_packets_in,\nsum(\"NetworkPacketsOut\") as aws_ec2_network_packets_out,\ncount(\"StatusCheckFailed\") as aws_ec2_status_check_failed,\nsum(\"DiskReadBytes\") as aws_ec2_disk_read_bytes,\nsum(\"DiskWriteBytes\") as aws_ec2_disk_write_bytes,\nsum(\"DiskReadOps\") as aws_ec2_disk_read_ops,\nsum(\"DiskWriteOps\") as aws_ec2_disk_write_ops,\nwhere index=sim_metrics AND namespace=\"AWS/EC2\" AND InstanceId=* \nby InstanceId span=5m\n| table _time, InstanceId, aws_ec2_cpu_utilization, aws_ec2_network_in, aws_ec2_network_out, aws_ec2_network_packets_in, aws_ec2_network_packets_out, aws_ec2_status_check_failed, aws_ec2_disk_read_bytes, aws_ec2_disk_write_bytes, aws_ec2_disk_read_ops, aws_ec2_disk_write_ops", "metrics": [{"gap_severity_value": "-1", "gap_severity": "unknown", "entity_statop": "avg", "unit": "%", "_key": "2b688cc3b2bcb05c3200f6d1", "gap_severity_color_light": "#EEEEEE", "gap_custom_alert_value": 0, "gap_severity_color": "#CCCCCC", "threshold_field": "aws_ec2_cpu_utilization", "title": "AWS/EC2 CPU Utilization", "fill_gaps": "null_value", "aggregate_statop": "avg"}, {"gap_severity_value": "-1", "gap_severity": "unknown", "entity_statop": "avg", "unit": "b", "_key": "faa9fec6c2db5020bda8e3ff", "gap_severity_color_light": "#EEEEEE", "gap_custom_alert_value": 0, "gap_severity_color": "#CCCCCC", "threshold_field": "aws_ec2_disk_read_bytes", "title": "AWS/EC2 Disk Read Bytes", "fill_gaps": "null_value", "aggregate_statop": "avg"}, {"gap_severity_value": "-1", "gap_severity": "unknown", "entity_statop": "avg", "unit": "", "_key": "605669ac5e3a5a95da8ddb79", "gap_severity_color_light": "#EEEEEE", "gap_custom_alert_value": 0, "gap_severity_color": "#CCCCCC", "threshold_field": "aws_ec2_disk_read_ops", "title": "AWS/EC2 Disk Read Operations", "fill_gaps": "null_value", "aggregate_statop": "avg"}, {"gap_severity_value": "-1", "gap_severity": "unknown", "entity_statop": "avg", "unit": "b", "_key": "0cacb35de1857f93e985baa5", "gap_severity_color_light": "#EEEEEE", "gap_custom_alert_value": 0, "gap_severity_color": "#CCCCCC", "threshold_field": "aws_ec2_disk_write_bytes", "title": "AWS/EC2 Disk Write Bytes", "fill_gaps": "null_value", "aggregate_statop": "avg"}, {"gap_severity_value": "-1", "gap_severity": "unknown", "entity_statop": "avg", "unit": "", "_key": "8c229cd63913a2211adedd4d", "gap_severity_color_light": "#EEEEEE", "gap_custom_alert_value": 0, "gap_severity_color": "#CCCCCC", "threshold_field": "aws_ec2_disk_write_ops", "title": "AWS/EC2 Disk Write Operations", "fill_gaps": "null_value", "aggregate_statop": "avg"}, {"gap_severity_value": "-1", "gap_severity": "unknown", "entity_statop": "avg", "unit": "", "_key": "d84ca4f68e9517f30c14cf62", "gap_severity_color_light": "#EEEEEE", "gap_custom_alert_value": 0, "gap_severity_color": "#CCCCCC", "threshold_field": "aws_ec2_network_in", "title": "AWS/EC2 Network In MB", "fill_gaps": "null_value", "aggregate_statop": "avg"}, {"gap_severity_value": "-1", "gap_severity": "unknown", "entity_statop": "avg", "unit": "", "_key": "cf97f2fa5194cd8a31f3d661", "gap_severity_color_light": "#EEEEEE", "gap_custom_alert_value": 0, "gap_severity_color": "#CCCCCC", "threshold_field": "aws_ec2_network_out", "title": "AWS/EC2 Network Out MB", "fill_gaps": "null_value", "aggregate_statop": "avg"}, {"gap_severity_value": "-1", "gap_severity": "unknown", "entity_statop": "avg", "unit": "", "_key": "5bb5eb97854d049f4d4c5c15", "gap_severity_color_light": "#EEEEEE", "gap_custom_alert_value": 0, "gap_severity_color": "#CCCCCC", "threshold_field": "aws_ec2_network_packets_in", "title": "AWS/EC2 Network Packets In", "fill_gaps": "null_value", "aggregate_statop": "avg"}, {"gap_severity_value": "-1", "gap_severity": "unknown", "entity_statop": "avg", "unit": "", "_key": "46d9634f26fcb59b6d0a7f0b", "gap_severity_color_light": "#EEEEEE", "gap_custom_alert_value": 0, "gap_severity_color": "#CCCCCC", "threshold_field": "aws_ec2_network_packets_out", "title": "AWS/EC2 Network Packets Out", "fill_gaps": "null_value", "aggregate_statop": "avg"}], "entity_breakdown_id_fields": "InstanceId", "entity_id_fields": "InstanceId", "is_entity_breakdown": true, "description": "This gets SIM metrics from the AWS/EC2 namespace from Cloudwatch.", "_owner": "nobody", "title": "SIM:Cloud.AWS_EC2", "search_alert_earliest": "15", "mod_timestamp": "2022-03-15T16:08:27.066680+00:00", "metric_qualifier": "", "alert_period": "15", "_user": "nobody", "_key": "5ee5c281189bc71e2d04e728", "permissions": {"user": "nobody", "group": {"read": true, "write": true, "delete": true}, "read": true, "write": true, "delete": true}}, {"is_service_entity_filter": true, "acl": {"sharing": "app", "modifiable": true, "can_share_user": true, "can_write": true, "perms": {"read": ["*"], "write": ["*"]}, "owner": "admin", "can_share_app": true, "can_change_perms": true, "can_share_global": true}, "alert_lag": "300", "isFirstTimeSaveDone": true, "metric": {"metric_index": "", "metric_name": ""}, "sec_grp": "default_itsi_security_group", "mod_time": "", "is_metric": false, "identifying_name": "sim:cloud.azure_vm", "object_type": "kpi_base_search", "actions": "", "_version": "4.9.6", "source_itsi_da": "itsi", "mod_source": "REST", "base_search": "| union \n    [| mstats avg(\"PercentageCPU\") as azure_cpu_percentage,\n    sum(\"NetworkIn\") as azure_network_in,\n    sum(\"NetworkOut\") as azure_network_out \n    where \"azure_resource_name\"=* AND index=sim_metrics by azure_resource_id, azure_resource_name span=5m]\n    [| mstats sum(\"DiskReadBytes\") as azure_disk_read_bytes,\n    sum(\"DiskWriteBytes\") as azure_disk_write_bytes\n    where primary_aggregation_type=true AND resource_type=\"Microsoft.Compute/virtualMachines\" AND azure_resource_name=* AND index=sim_metrics by azure_resource_id, azure_resource_name span=5m]\n| eval ITSIUniqueId = azure_resource_id + azure_resource_name|  rename azure_resource_name as ResourceName\n| table _time, ITSIUniqueId, ResourceName, azure_resource_id, azure_cpu_percentage, azure_disk_read_bytes, azure_disk_write_bytes, azure_network_in, azure_network_out", "metrics": [{"gap_severity_value": "-1", "gap_severity": "unknown", "entity_statop": "avg", "unit": "%", "_key": "5eec6a5648887e5c6cd526da", "gap_severity_color_light": "#EEEEEE", "gap_custom_alert_value": 0, "gap_severity_color": "#CCCCCC", "threshold_field": "azure_cpu_percentage", "title": "Azure CPU Percentage", "fill_gaps": "null_value", "aggregate_statop": "avg"}, {"gap_severity_value": "-1", "gap_severity": "unknown", "entity_statop": "avg", "unit": "b", "_key": "69cb706c23bf7f681482e906", "gap_severity_color_light": "#EEEEEE", "gap_custom_alert_value": 0, "gap_severity_color": "#CCCCCC", "threshold_field": "azure_disk_read_bytes", "title": "Azure Disk Read Bytes", "fill_gaps": "null_value", "aggregate_statop": "avg"}, {"gap_severity_value": "-1", "gap_severity": "unknown", "entity_statop": "avg", "unit": "b", "_key": "cb6553a67a86cc677fefc02e", "gap_severity_color_light": "#EEEEEE", "gap_custom_alert_value": 0, "gap_severity_color": "#CCCCCC", "threshold_field": "azure_disk_write_bytes", "title": "Azure Disk Write Bytes", "fill_gaps": "null_value", "aggregate_statop": "avg"}, {"gap_severity_value": "-1", "gap_severity": "unknown", "entity_statop": "avg", "unit": "", "_key": "4ce8b71327b1a2aefeca8985", "gap_severity_color_light": "#EEEEEE", "gap_custom_alert_value": 0, "gap_severity_color": "#CCCCCC", "threshold_field": "azure_network_in", "title": "Azure Network In", "fill_gaps": "null_value", "aggregate_statop": "avg"}, {"gap_severity_value": "-1", "gap_severity": "unknown", "entity_statop": "avg", "unit": "", "_key": "568a9c8c9aaa23cd8e5e89c5", "gap_severity_color_light": "#EEEEEE", "gap_custom_alert_value": 0, "gap_severity_color": "#CCCCCC", "threshold_field": "azure_network_out", "title": "Azure Network Out", "fill_gaps": "null_value", "aggregate_statop": "avg"}], "entity_breakdown_id_fields": "ITSIUniqueId", "entity_id_fields": "ITSIUniqueId", "is_entity_breakdown": true, "description": "This gets SIM metrics in the Azure environment from Azure Monitor.", "_owner": "nobody", "title": "SIM:Cloud.Azure_VM", "search_alert_earliest": "15", "mod_timestamp": "2022-03-15T16:08:27.066684+00:00", "metric_qualifier": "", "alert_period": "15", "_user": "nobody", "_key": "5ee5c8a7189bc71e2d04e729", "permissions": {"user": "nobody", "group": {"read": true, "write": true, "delete": true}, "read": true, "write": true, "delete": true}}, {"is_service_entity_filter": true, "acl": {"sharing": "app", "modifiable": true, "can_share_user": true, "can_write": true, "perms": {"read": ["*"], "write": ["*"]}, "owner": "admin", "can_share_app": true, "can_change_perms": true, "can_share_global": true}, "alert_lag": "300", "isFirstTimeSaveDone": true, "metric": {"metric_index": "", "metric_name": ""}, "sec_grp": "default_itsi_security_group", "mod_time": "", "is_metric": false, "identifying_name": "sim:cloud.gcp_compute", "object_type": "kpi_base_search", "actions": "", "_version": "4.9.6", "source_itsi_da": "itsi", "mod_source": "REST", "base_search": "| mstats latest(\"instance/cpu/utilization\") as gcp_compute_cpu_utilization,\nsum(\"instance/network/received_packets_count\") as gcp_compute_network_packets_in,\nsum(\"instance/network/sent_packets_count\") as gcp_compute_network_packets_out\nwhere \"instance_id\"=* AND index=sim_metrics by instance_id, project_id, instance_name span=5m\n| eval ITSIUniqueId  = project_id + instance_name\n| rename instance_name as InstanceName \n| table _time, ITSIUniqueId, InstanceName, instance_id, gcp_compute_cpu_utilization, gcp_compute_network_packets_in, gcp_compute_network_packets_out", "metrics": [{"gap_severity_value": "-1", "gap_severity": "unknown", "entity_statop": "avg", "unit": "", "_key": "95d5e645fa2d8c03a0854c5a", "gap_severity_color_light": "#EEEEEE", "gap_custom_alert_value": 0, "gap_severity_color": "#CCCCCC", "threshold_field": "gcp_compute_cpu_utilization", "title": "GCP Compute CPU Utilization", "fill_gaps": "null_value", "aggregate_statop": "avg"}, {"gap_severity_value": "-1", "gap_severity": "unknown", "entity_statop": "avg", "unit": "", "_key": "7043d71d4520ebde1e8b379f", "gap_severity_color_light": "#EEEEEE", "gap_custom_alert_value": 0, "gap_severity_color": "#CCCCCC", "threshold_field": "gcp_compute_network_packets_in", "title": "GCP Network Packets In", "fill_gaps": "null_value", "aggregate_statop": "avg"}, {"gap_severity_value": "-1", "gap_severity": "unknown", "entity_statop": "avg", "unit": "", "_key": "bd68884fabaabd48bc7fc705", "gap_severity_color_light": "#EEEEEE", "gap_custom_alert_value": 0, "gap_severity_color": "#CCCCCC", "threshold_field": "gcp_compute_network_packets_out", "title": "GCP Network Packets Out", "fill_gaps": "null_value", "aggregate_statop": "avg"}], "entity_breakdown_id_fields": "ITSIUniqueId", "entity_id_fields": "ITSIUniqueId", "is_entity_breakdown": true, "description": "This gets SIM metrics in the GCP Compute class from Cloudwatch.", "_owner": "nobody", "title": "SIM:Cloud.GCP_Compute", "search_alert_earliest": "15", "mod_timestamp": "2022-03-15T16:08:27.066688+00:00", "metric_qualifier": "", "alert_period": "15", "_user": "nobody", "_key": "5ee5ca3f189bc71e2d04e72a", "permissions": {"user": "nobody", "group": {"read": true, "write": true, "delete": true}, "read": true, "write": true, "delete": true}}]