[{"object_type": "team", "_immutable": "0", "children": [], "parents": [], "title": "Global", "mod_timestamp": "2022-03-15T16:08:26.967178+00:00", "acl": {"write": ["itoa_admin"], "delete": ["itoa_admin"], "owner": "nobody", "read": ["itoa_admin", "itoa_analyst", "itoa_user", "*"]}, "description": "Default team for ITSI", "identifying_name": "global", "mod_source": "REST", "_version": "4.9.6", "_user": "nobody", "_key": "default_itsi_security_group", "permissions": {"user": "nobody", "group": {"read": true, "write": true, "delete": true}, "read": true, "write": true, "delete": true}}]